"Group Information","Group Information"
"Group Name","Group Name"
"Maximum length must be less then %1 characters.","Maximum length must be less then %1 characters."
"Tax Class","Tax Class"
"Shipping Methods","Shipping Methods"
"Payment Methods","Payment Methods"
"All Allowed Payments","All Allowed Payments"
"Specific Payments","Specific Payments"
"All Allowed Shipping","All Allowed Shipping"
"Specific Shipping","Specific Shipping"
WEBKUL,WEBKUL
"Payment and Shipping Methods By Customer Group","Payment and Shipping Methods By Customer Group"
"Payment and Shipping Methods By Customer Group settings","Payment and Shipping Methods By Customer Group settings"
"Enable Webkul Payment and Shipping Methods By Customer Group","Enable Webkul Payment and Shipping Methods By Customer Group"
"Shipping Methods settings","Shipping Methods settings"
"Allowed shipping methods","Allowed shipping methods"
"Select shipping methods","Select shipping methods"
"Payment Methods settings","Payment Methods settings"
"Allowed payment methods","Allowed payment methods"
"Select payment methods","Select payment methods"
