"Escrow Info","Escrow Info"
"Order Invoices","Order Invoices"
"transaction successfully released from escrow","transaction successfully released from escrow"
"Invalid request","Invalid request"
"Sorry, but something went wrong","Sorry, but something went wrong"
"No authorization transaction to proceed capture.","No authorization transaction to proceed capture."
"not able to create customer","not able to create customer"
"Braintree error response.","Braintree error response."
"Wrong transaction status","Wrong transaction status"
"Notified customer about invoice #%1.","Notified customer about invoice #%1."
"""somthing went wromg while creating the order invoice--"" .","""somthing went wromg while creating the order invoice--"" ."
"""something went wrong while creating the order invoice -- "" .","""something went wrong while creating the order invoice -- "" ."
"The authorized amount is %1.","The authorized amount is %1."
"""something went wrong while creating the transaction-- "" .","""something went wrong while creating the transaction-- "" ."
"not able to void the transaction","not able to void the transaction"
Authorize,Authorize
"Authorize and Capture","Authorize and Capture"
"Release From Escrow","Release From Escrow"
"Transaction released from escrow, current status: ","Transaction released from escrow, current status: "
"There are no escrowed transactions in this order","There are no escrowed transactions in this order"
"No transactions found in this order","No transactions found in this order"
"Do You Want To Become A Seller / Vendor?","Do You Want To Become A Seller / Vendor?"
"Agree as Seller","Agree as Seller"
Yes,Yes
"Disagree as Seller","Disagree as Seller"
No,No
"Braintree Submerchant Information","Braintree Submerchant Information"
SSN,SSN
"Phone Number","Phone Number"
"Date Of Birth","Date Of Birth"
"Business Information","Business Information"
"Legal Name","Legal Name"
"DBA Name","DBA Name"
"Tax Id","Tax Id"
"Funding Information","Funding Information"
"Destination Type","Destination Type"
Bank,Bank
Mobile,Mobile
Email,Email
"Account Number","Account Number"
"Routing Number","Routing Number"
"Terms of service","Terms of service"
"Congratulations! Shop name is available.","Congratulations! Shop name is available."
"Sorry! But this shop name is not available, please set another shop name.","Sorry! But this shop name is not available, please set another shop name."
"Marketplace Braintree Sub-merchant Account","Marketplace Braintree Sub-merchant Account"
"Status: ","Status: "
"Marketplace Braintree Sub-merchant Individual Information","Marketplace Braintree Sub-merchant Individual Information"
"First Name","First Name"
"Last Name","Last Name"
Phone,Phone
D.O.B,D.O.B
"Only showing last 4 digits","Only showing last 4 digits"
"Marketplace Braintree Sub-merchant Business Information","Marketplace Braintree Sub-merchant Business Information"
"Marketplace Braintree Sub-merchant Funding Information","Marketplace Braintree Sub-merchant Funding Information"
Descriptor,Descriptor
Destination,Destination
"Mobile Number","Mobile Number"
"Marketplace Braintree Sub-merchant Address Information","Marketplace Braintree Sub-merchant Address Information"
"Street Address","Street Address"
Locality,Locality
Region,Region
"Postal Code","Postal Code"
"Terms Of Services","Terms Of Services"
"%customer_name,","%customer_name,"
"Braintree transaction status","Braintree transaction status"
"Seller Name","Seller Name"
"Transaction status","Transaction status"
"Place Order","Place Order"
"Please select a card or create a new card","Please select a card or create a new card"
"Braintree Transactional Emails","Braintree Transactional Emails"
"Marketplace Braintree Bank Transafer Template ","Marketplace Braintree Bank Transafer Template "
"Marketplace Braintree Cron Excecute","Marketplace Braintree Cron Excecute"
"Marketplace BrainTree Payment Gateway","Marketplace BrainTree Payment Gateway"
Enabled,Enabled
Title,Title
Environment,Environment
"Account Id","Account Id"
"Merchant Id","Merchant Id"
"Public Key","Public Key"
"Private Key","Private Key"
"Tokenization Key","Tokenization Key"
"Payment from Applicable Countries","Payment from Applicable Countries"
"Minimum Order Total","Minimum Order Total"
"Maximum Order Total","Maximum Order Total"
"Sort Order","Sort Order"
"Terms Of Services Link","Terms Of Services Link"
"Vault Enabled","Vault Enabled"
"Escrow Settings","Escrow Settings"
"Hold In Escrow","Hold In Escrow"
"Auto Release","Auto Release"
"Release amount from escrow after days","Release amount from escrow after days"